id,title,summary,publication_date,source,url,category
1,Dozens killed in Russian strike on military educational facility in central Ukraine,"A Russian strike against a military educational facility in central Ukraine killed 49 people and injured at least 219 others, according to a Ukrainian regional military official, in one of the deadliest single attacks since the start of Moscow’s full-scale invasion in February 2022. President Volodymyr Zelensky said preliminary information indicated two ballistic missiles hit the facility in the city of Poltava and a nearby hospital on Tuesday morning.",2024-09-03T11:39:38.452Z,CNN,https://www.cnn.com/2024/09/03/europe/ukraine-poltava-russia-attack-intl/index.html,Other
2,Cathay Pacific inspects entire A350 fleet after finding engine problems,"Hong Kong’s flag carrier Cathay Pacific has canceled dozens of flights as it conducts an inspection of its entire Airbus A350 fleet after finding engine problems affecting the plane. The airline, one of the world’s largest users of the long-haul jet, said it identified an engine component failure on flight CX383 from Hong Kong to Zurich on Monday.",2024-09-03T01:13:01.240Z,CNN,https://www.cnn.com/2024/09/02/business/hong-kong-cathay-pacific-a350-hnk-intl/index.html,Other
3,More than 10 dead as bus crashes into students and parents outside school in China,"A bus crashed into a crowd of students and parents outside a school in eastern China on Tuesday morning, killing 11 people and injuring 13 others, according to police and state media. The students were waiting to enter the gate of a middle school in Tai’an city in Shandong province when the bus slammed into them after 7 a.m., state news agency Xinhua reported.",2024-09-03T06:14:40.381Z,CNN,https://www.cnn.com/2024/09/03/china/china-shandong-school-bus-crash-intl-hnk/index.html,Education
4,How long do we have until sea level rise swallows coastal cities? This fleet of ocean robots will help find out,"A team of NASA rocket scientists is developing autonomous underwater robots able to go where humans cannot, deepbeneath Antarctica’s giant ice shelves. The robots’ task is to better understand how rapidly ice is melting — and how quickly that could causecatastrophic sea level rise.",2024-09-03T08:00:19.703Z,CNN,https://www.cnn.com/2024/09/03/climate/sea-level-rise-antarctica-robots/index.html,Other
5,The $10 million cocktail everyone is drinking at the US Open,"At the US Open currently underway in New York, a single cocktail will surpass $10 million in sales before the tennis grand slam event ends September 8. The drink’s sales alone could cover the combined championship prize money for both the male and female singles winner —$3.6 million eachthis year.",2024-09-03T09:00:20.777Z,CNN,https://www.cnn.com/2024/09/03/food/honey-deuce-us-open-cocktail-popularity/index.html,Other
6,"Chair yoga is not just for older people. It’s good for everyone, especially the desk-bound","Sign up for CNN’s Fitness, But Better newsletter series.Our seven-part guide will help you ease into a healthy routine, backed by experts. Sitting down to exercise may not seem to make sense on first glance.",2024-09-03T09:34:18.844Z,CNN,https://www.cnn.com/2024/09/03/health/chair-yoga-flexibility-stress-relief-wellness/index.html,Other
7,Exclusive: John McCain’s son decries Trump appearance at Arlington as a ‘violation’ that turned cemetery into campaign backdrop,Jimmy McCain will be interviewed on “The Lead with Jake Tapper” at 4 p.m. ET on Tuesday.,2024-09-03T16:00:02.927Z,CNN,https://www.cnn.com/2024/09/03/politics/jimmy-mccain-decries-trump-arlington-appearance/index.html,Other
8,Trump’s hardline new quest to destroy Harris’ momentum,"Donald Trumpis trying to crush Democratic nominee Kamala Harris’ persona as a force of change and to destroy her personal credibility as a potential president as their still-fresh competitioncareens into the final nine weeksbefore Election Day. In recent days, the ex-president has unveiled a broad assault using the insult-driven politics with which he won power in 2016, even as his advisers have been pleading with him to focus his attention on top voter concerns including high prices and immigration.",2024-09-03T04:00:19.738Z,CNN,https://www.cnn.com/2024/09/03/politics/trump-quest-destroy-harris-momentum/index.html,Politics
9,New poll shows whether Harris or Trump is leading in favorability rating,A new poll conducted by ABC News and IPSOS shows that Vice President Kamala Harris has a wide lead over former President Donald Trump in favorability rating. A panel of political experts joins CNN’s Alex Marquardt to discuss the impact on the race for the White House..,2024-09-03T01:40:29.259Z,CNN,https://www.cnn.com/2024/09/02/politics/video/harris-trump-favorability-poll-digvid,Other
10,Analysis: Trump is still telling lies he told eight years ago,"In a speech last week to the National Guard Association of the United States, former PresidentDonald Trumpclaimedthat he was the president who “created” the Veterans Choice health care program, and got it “passed in Congress,” after others had wanted to do so “for 57 years.” In reality, President Barack Obama was the president whosignedthe program into law in 2014. The law Trump signed in 2018, the VA MISSION Act, expanded the Veterans Choice program but didn’t create it.",2024-09-03T09:00:19.775Z,CNN,https://www.cnn.com/2024/09/03/politics/trump-fact-checking-analysis/index.html,Health
11,"Judge issues preliminary injunction on Trump campaign use of the song ‘Hold On, I’m Coming’","A federal judge has ruled former President Donald Trump and his campaign must pause on using the song “Hold On, I’m Coming.” The decision came after the estate of the late R&B artist and songwriter Isaac Hayes sought an emergency injunction to stop the Trump campaign from using the song at campaign events, alleging the campaign does not have approval. Judge Thomas Thrash Jr.",2024-09-03T14:46:23.333Z,CNN,https://www.cnn.com/2024/09/03/entertainment/isaac-hayes-donald-trump-song/index.html,Other
12,‘Hide your children’: Hear Axelrod’s warning amid ‘tough’ presidential race,CNN Senior Political Commentator David Axelrod joins CNN to discuss the state of the presidential race between Donald Trump and Kamala Harris ahead of their debate on September 10. It will be the first time the candidates will face off since Democrats upended their ticket this summer..,2024-09-03T15:16:21.253Z,CNN,https://www.cnn.com/2024/09/03/politics/video/david-axelrod-harris-trump-presidential-race-sot-cnc-digvid,Other
13,Dozens killed in Russian strike on military educational facility in central Ukraine,"A Russian strike against a military educational facility in Poltava, central Ukraine, has killed 41 people and injured more than 180 others, the country’s President Volodymyr Zelensky said on Tuesday. CNN’s Fred Pleitgen reports. .",2024-09-03T12:49:01.332Z,CNN,https://www.cnn.com/2024/09/03/world/video/russian-strike-facility-ukraine-pleitgen-digvid,Other
14,Hamas’ brutal new tactics signal new phase in war and hostage crisis,"With its announcement that militants guarding Israeli hostages in the buildings and tunnels of Gaza had “new instructions” to kill them If Israeli troops closed in, Hamas signalled the opening of a chilling new chapter in an already brutal war. Seizing on a spasm of public outrage in Israel at Prime Minister Benjamin Netanyahu’s inability to bring home the remaining hostages, Hamas released a comic-book style image of a kneeling figure threatened with a gun﻿, followed by a video of Eden Yerushalmi, 24, a bartender at the Nova music festival and one ofsix hostageswho Israel says were shot at close range in Hamas captivity last week before Israeli forces could reach them.",2024-09-03T17:01:17.675Z,CNN,https://www.cnn.com/2024/09/03/middleeast/hamas-israel-hostage-deal-raise-stakes-intl/index.html,Entertainment
15,Netanyahu defiant as protesters demanding a ceasefire-for-hostages deal bring Israel to a halt,"Hundreds of thousands of protesters took to Israel’s streets in fresh fury on Monday over the government’s failure to secure a ceasefire-for-hostages deal with Hamas. Demonstrations could be seen in Jerusalem, Tel Aviv, Caesarea and other sites across the country, fueled by the killing in Gaza of six hostages, whose bodies were retrieved by Israeli soldiers this weekend.",2024-09-02T06:36:51.623Z,CNN,https://www.cnn.com/2024/09/02/middleeast/israel-general-strike-hostage-deal-intl-hnk/index.html,Politics
16,Members of Turkish national youth organization in custody after assault on US Marines,"More than a dozen members of a Turkish national youth organization were taken into custody in Turkey after local authorities say they assaulted two US Marines. The Marines, assigned to the 24th Marine Expeditionary Unit, were on liberty in Izmir when the assault occurred Monday afternoon, the US Sixth Fleet said in a statement.",2024-09-02T23:15:58.580Z,CNN,https://www.cnn.com/2024/09/02/politics/us-marines-turkey-assault/index.html,Other
17,Former aide to New York governor charged with acting as an agent of the Chinese government,"A former aide to New York Gov. Kathy Hochul was charged with acting as an agent for the Chinese government, US Attorney Breon Peace announced Tuesday.",2024-09-03T16:10:42.367Z,CNN,https://www.cnn.com/2024/09/03/us/linda-sun-former-hochul-staff-arrest/index.html,Politics
18,At least 12 dead after boat carrying migrants sinks in the English Channel,"At least 12 people died when a migrantboat capsizedoff the coast of Cap Gris-Nez, in northernFrance, on Tuesday, according to French authorities. Nearly 70 people were on board the vessel, according to Boulogne-sur-Mer mayor, Frédéric Cuvillier.",2024-09-03T14:01:49.587Z,CNN,https://www.cnn.com/2024/09/03/europe/english-channel-migrant-boat-deaths-intl/index.html,Other
19,Two rescued from stricken yacht ‘at the mercy of the elements’ in 24-hour ordeal,"Two people have been rescued after a terrifying night at sea as six-meter (20-foot) waves tossed their stricken yacht nearly 200 miles (322 kilometers) off Australia’s eastern coast as they drifted at speed towards New Zealand. Authorities were first alerted to the crew’s crisis around 1pm on Monday, when they deployed a distress beacon, but it was hours before the first rescue helicopters located the vessel.",2024-09-03T04:28:36.322Z,CNN,https://www.cnn.com/2024/09/03/australia/yacht-rescue-off-nsw-coast-intl-hnk/index.html,Other
20,Video shows Turkish group assaulting US Marines,More than a dozen members of a Turkish national youth organization were taken into custody in the port city of Izmir after local authorities say they assaulted two US Marines.,2024-09-03T14:22:51.113Z,CNN,https://www.cnn.com/2024/09/03/world/video/video-us-marines-turkey-assaulted-digvid,Other
21,At least 129 killed during mass prison break attempt in DR Congo,"More than 120 people have been killed in an attempted mass breakout from the largest prison in the Democratic Republic of Congo, the latest in a series of violent attacks on jails in the central African nation. Prisoners tried to break out en masse from the Makala Central Prison in the capital, Kinshasa, at around 2 a.m.",2024-09-03T12:01:28.422Z,CNN,https://www.cnn.com/2024/09/03/africa/dr-congo-prison-break-intl/index.html,Other
22,"Hewlett Packard won’t drop its $4 billion UK claim against Mike Lynch, who died along with his daughter when his yacht sank","London— Hewlett Packard Enterprise has said it won’t drop its UK claim for damages against the estate of British tech mogulMike Lynch, whodiedwhen his superyacht sank last month. Britain’s High Court in 2022 ruled mostly in favor of the US technology company, which accused Lynch and his former finance director of fraud over its $11 billion takeover of his software company Autonomy.",2024-09-03T13:28:17.324Z,CNN,https://www.cnn.com/2024/09/03/business/hewlett-packard-uk-claim-mike-lynch/index.html,Technology
23,"Firearms worth more than $134,000 stolen in daring museum heist","Thieves stole 27 handguns worth more than $134,000 from a firearms museum in Australia. The guns could be operational, according to the North South Wales Police Force..",2024-09-03T14:13:51.174Z,CNN,https://www.cnn.com/2024/09/03/world/video/handguns-heist-australia-museum-digvid,Other
24,Airline forced to rebalance planes because first class seats are too heavy,"The desire to fly in style weighs heavily on most of us – but for some first-class flyers it weighs the heaviest of all. Swiss – Switzerland’s flag carrier – is having to make alterations to some of its aircraft because new first class seats, due to be installed as a much needed revamp, are proving to be too heavy.",2024-09-03T13:37:52.819Z,CNN,https://www.cnn.com/2024/09/03/travel/swiss-airline-first-class-seats-too-heavy/index.html,Fashion
25,Old Hollywood glamour hits the Venice Film Festival red carpet,"What year is it again? Some of the looks on the red carpet at the 81st Venice Film Festival could suggest the year was 1924, rather than 2024. Since the 11 day event began on August 28, attendees have given elegant nods to old Hollywood glamour: from time-honored dress silhouettes to vintage-inspired accessories.",2024-08-30T13:56:36.185Z,CNN,https://www.cnn.com/2024/08/30/style/venice-film-festival-2024-red-carpet/index.html,Other
26,Conway says Trump’s new indictment case is stronger. Here’s why,Conservative lawyer George Conway shares his thoughts on the new version of the indictment against former President Donald Trump for the election interference case.,2024-09-03T15:06:37.730Z,CNN,https://www.cnn.com/2024/09/03/politics/video/george-conway-trump-indictment-digvid,Politics
27,A body has been recovered as the search for 2 boaters continues after Connecticut vessel crash,"The search continues for two people still missing after a man’s body was recovered from the wreckage of a motorboat that crashed Monday night at the mouth of the Connecticut River, state officials said. Nine people were aboard the boat when it hit a break wall at high speed and broke into pieces near Harbor One Marina in Old Saybrook, Connecticut, according to Joey Kellems, lead command center controller with the US Coast Guard’s Long Island Sound sector.",2024-09-03T06:59:13.404Z,CNN,https://www.cnn.com/2024/09/03/us/old-saybrook-connecticut-boat-crash-search/index.html,Other
28,"Jannik Sinner defeats American Tommy Paul, sets up blockbuster US Open quarterfinal clash with Daniil Medvedev","Jannik Sinnerwas clutch when he needed it, getting past American Tommy Paul to advance to theUS Openquarterfinals 7-6(3), 7-6(5), 6-1 on Monday night at Arthur Ashe Stadium. The world No.",2024-09-03T08:20:14.110Z,CNN,https://www.cnn.com/2024/09/03/sport/jannik-sinner-tommy-paul-us-open-spt-intl/index.html,Other
29,See inside Jennifer Garner’s tranquil farmhouse-style home,"Since building a home for herself and her three kids over the past few years, Jennifer Garner has shown glimpses of the sunny farmhouse dwelling through her social media posts. The kitchen’s exposed wood beams and stone fireplace can be seen as she carries her fluffy cat, Moose, to places in the home he’s “never seen before” (inside the refrigerator and microwave, up high to peer at the family aquarium).",2024-09-03T12:02:33.907Z,CNN,https://www.cnn.com/2024/09/03/style/jennifer-garner-home-ad/index.html,Other
30,Justice Ketanji Brown Jackson reflects on ‘groundbreaking’ path to the Supreme Court in new memoir,"JusticeKetanji Brown Jacksonis using a new memoir published Tuesday to reflect on a personal journey that has already earned her a place in history. Jackson recalls sinking into her chair when she was an appeals court judge – her blood “a roaring ocean in my ears” – when President Joe Biden called in early 2022 to say he would nominate her to the high court, setting her on a path to become the first Black woman to serve as a Supreme Court justice.",2024-09-03T15:01:11.175Z,CNN,https://www.cnn.com/2024/09/03/politics/ketanji-brown-jackson-new-memoir/index.html,Other
31,Your children’s smartphones aren’t making them smarter,"Get inspired by a weekly roundup on living well, made simple.Sign up for CNN’s Life, But Better newsletter for information and tools designed to improve your well-being As kids head back to school, many schools aren’t allowing them to bring their phones to class.Legislationto ban phones in schools has been proposed or passed in many cities and states. Most schools already have policies prohibiting them for nonacademic use, according to theNational Center for Education Statistics.",2024-09-02T08:00:19.634Z,CNN,https://www.cnn.com/2024/09/02/health/phones-allowed-school-children-wellness/index.html,Education
32,Jenna Ortega shares hilarious encounter with a drunk Beetlejuice: ‘He terrified me’,CNN’s Elizabeth Wagmeister spoke with the stars of “Beetlejuice Beetlejuice” about the timing of the sequel to the iconic 1988 film and Jenna Ortega’s hilarious childhood encounter with a terrifying Beetlejuice.,2024-09-02T14:42:46.936Z,CNN,https://www.cnn.com/2024/09/02/entertainment/video/beetlejuice-movie-stars-interview-wagmeister-digvid,Other
33,New Titanic photos show major decay to legendary wreck,"Sign up for CNN’s Wonder Theory science newsletter.Explore the universe with news on fascinating discoveries, scientific advancements and more In the years since theTitanicsank after hitting an iceberg in 1912, we have become familiar with haunting images of the doomed passenger liner’s bow, lying at the bottom of the North Atlantic Ocean. Now, new photos taken this summer show that the view has changed dramatically.",2024-09-02T16:16:59.166Z,CNN,https://www.cnn.com/2024/09/02/science/titanic-photos-show-major-decay-intl-scli/index.html,Science
34,"The tallest Paralympian in history was forced to sleep on the floor in Paris. Now, he has a bed that fits him","Morteza Mehrzadselakjani, the tallestParalympianin history, has had to sleep on the floor at theParis 2024 Gamesafter not having a bed he’s able to fit in, but the situation “has now been resolved,” the IPC told CNN. Mehrzadselakjani – better known as Mehrzad – is two meters, 46 centimeters (eight-foot-one-inch) tall and is the joint-second tallest man in the world.",2024-09-03T15:17:06.818Z,CNN,https://www.cnn.com/2024/09/03/sport/morteza-mehrzadselakjani-sleep-paralympics-spt-intl/index.html,Other
35,Who are the ‘armless archers’ going viral at the Paralympic Games?,"Before Matt Stutzman, an athlete with no arms competing inpara archeryseemed like an impossible feat. But the Americanarcherhas redefined the sport, showing that it’s possible to not only hold a bow with one leg, pull the bowstring back with one’s jaw, hold all the tension and potential energy and release an arrow, but to do so with an accuracy so unerring that it won him a gold medal with a Paralympic record score of 149 on Sunday.",2024-09-03T12:17:44.488Z,CNN,https://www.cnn.com/2024/09/03/sport/armless-archers-viral-paralympics-spt-intl/index.html,Other
36,Oksana Masters: ‘Sports really taught me it was okay to take my legs off in front of people and to still be powerful’,She already has 17 Paralympic medals to her name across four Summer and Winter Games disciplines – more than most athletes could even dream of. Yet Team USA athlete Oksana Masters says she still has “so many things” motivating her ahead of the Paralympic Games – including defending the two para-cycling gold medals that she earned in Tokyo.,2024-09-03T08:37:58.074Z,CNN,https://www.cnn.com/2024/09/03/sport/oksana-masters-paralympics-coy-wire-intl-spt/index.html,Other
37,Beauty queen at center of South Africa xenophobia spat crowned Miss Universe Nigeria,"Chidimma Adetshina, abeauty pageantcontestant who faced a wave of hostility in South Africa after questions arose about her nationality, has been crowned Miss Universe Nigeria. Adetshina, age 23,triumphedat the pageant held in Lagos on Saturday night.",2024-09-02T11:15:44.024Z,CNN,https://www.cnn.com/2024/09/02/style/chidimma-adetshina-wins-nigeria-intl-scli/index.html,Other
38,Richard Gere jokes he and Julia Roberts had ‘no chemistry’ in the ‘tiny movie’ ‘Pretty Woman’,"Richard Gere had some thoughts reminiscing about his hit 1990 film “Pretty Woman.” While appearing over the weekend at a masterclass during the 81st Venice Film Festival, Gere joke that he and costar Julia Roberts had“no chemistry” in a scene where his character, wealthy businessman Edward, undresses Robert’s character, Vivian. “This actor and this actress obviously had no chemistry between them,” Gere said.",2024-09-02T17:45:17.878Z,CNN,https://www.cnn.com/2024/09/02/entertainment/richard-gere-julia-roberts-pretty-woman/index.html,Other
39,Investigators search for answers in Chicago train shooting that killed 4 passengers,Authorities are searching for answers after a suspect was taken into custody in connection with the fatal shooting of four passengers who appeared to be sleeping on a Chicago Transit Authority train early Monday morning. A suspect – who has not been publicly identified – was detained about 90 minutes after the shooting was reported around 5:30 a.m.,2024-09-03T12:57:08.295Z,CNN,https://www.cnn.com/2024/09/03/us/chicago-train-shooting-tuesday/index.html,Other
40,"This Army base has a bigger population than some US cities, but is located far from home","Camp Humphreys in South Korea is the largest US military base overseas, with a population bigger than some US cities and costing over $10 billion. CNN’s Mike Valerio reports on how the US Army has made the base feel like home..",2024-09-02T09:23:57.352Z,CNN,https://www.cnn.com/2024/09/02/world/video/camp-humphreys-military-base-south-korea-ldn-digvid,Other
41,Oceanographers find underwater mountain bigger than Mount Olympus,"Sign up for CNN’s Wonder Theory science newsletter.Explore the universe with news on fascinating discoveries, scientific advancements and more Imagine four skyscrapers the height ofBurj Khalifa, the world’s tallest building, stacked on top of one another. That’s almost the height of an underwater mountain newly discovered and mapped by oceanographers led by the Schmidt Ocean Institute in California.",2024-08-28T16:52:43.059Z,CNN,https://www.cnn.com/2024/08/28/science/underwater-mountain-seamount-nazca-ridge/index.html,Science
42,NASA spacecraft collision may have created a meteor shower that will last for 100 years,"Sign up for CNN’s Wonder Theory science newsletter.Explore the universe with news on fascinating discoveries, scientific advancements and more Rocky debris blasted away from the tiny asteroid Dimorphos when NASA’s DART spacecraft intentionally slammed into it in 2022 could create the first human-made meteor shower known as the Dimorphids,new studyhas found. The space agency planned the DART, or Double Asteroid Redirection Test, mission to carry out a full-scale assessment of asteroid deflection technology on behalf of planetary defense.",2024-08-31T12:30:19.821Z,CNN,https://www.cnn.com/2024/08/31/science/dimorphos-dart-impact-debris-meteor-shower/index.html,Technology
43,"Ancient humans built a bridge inside a cave on Mallorca nearly 6,000 years ago","Sign up for CNN’s Wonder Theory science newsletter.Explore the universe with news on fascinating discoveries, scientific advancements and more An ancient, submerged bridge in a cave on the Spanish island of Mallorca is helping researchers determine when humans first settled on islands across the western Mediterranean Sea thousands of years ago. A new analysis of the 25-foot-long (7.6-meter-long) bridge inside Genovesa Cave has revealed that humans lived on Mallorca, one of the largest islands in the Mediterranean, much earlier than previously believed.",2024-08-30T09:00:21.828Z,CNN,https://www.cnn.com/2024/08/30/science/ancient-submerged-cave-bridge-mallorca/index.html,Science
44,Webb telescope spots six rogue worlds within a glowing cosmic cloud,"Sign up for CNN’s Wonder Theory science newsletter.Explore the universe with news on fascinating discoveries, scientific advancements and more Astronomers have spotted six rogue worlds, or cosmic objects that don’t orbit stars, using the James Webb Space Telescope. The celestial bodies are slightly bigger than Jupiter, and the observations are shedding light on how stars and planets form across the universe.",2024-08-27T16:51:52.132Z,CNN,https://www.cnn.com/2024/08/27/science/webb-nebula-rogue-worlds/index.html,Science
45,End of an era: The big change coming to European travel in November,"Editor’s Note: Sign up forUnlocking the World, CNN Travel’s weekly newsletter. Get the latest news in aviation, food and drink, where to stay and other travel developments.",2024-08-31T06:30:19.893Z,CNN,https://www.cnn.com/2024/08/31/travel/travel-news-eu-passport-best-connected-airport/index.html,Travel
46,"More than 10,000 US hotel workers strike during Labor Day weekend","More than 10,000 hotel workers at 24 hotels stretching from Boston to the West Coast to Hawaii went on strike early Sunday morning, disrupting travel during a busy Labor Day weekend. The hotels are reportedly still open but guests will deal with a skeleton staff unable to provide full services.",2024-09-01T15:17:02.931Z,CNN,https://www.cnn.com/2024/09/01/business/thousands-of-us-hotel-workers-strike-as-contract-negotiations-stall/index.html,Travel
47,Latest inflation data gives a ‘bright green light’ for a rate cut,"The Federal Reserve’s go-to inflation gauge held at 2.5% in July, Commerce Department data showed Friday. That’s better than anticipated and shows progress — but still underscores the bumpy process for inflation’s descent.",2024-08-30T12:33:19.110Z,CNN,https://www.cnn.com/2024/08/30/economy/pce-inflation-spending-fed-july/index.html,Other
48,Lego plans to ditch oil in its bricks for pricier renewable plastic as profits surge,"Toymaker Lego said Wednesday it is on track to replace the fossil fuels used in making its signature bricks with more expensive renewable and recycled plastic, as sales and profits surged. The Danish company reported that profit for the first half of the year jumped 26% to 8.1 billion Danish krone ($1.2 billion).",2024-08-28T10:28:49.092Z,CNN,https://www.cnn.com/2024/08/28/business/lego-bricks-renewable-plastic/index.html,Other
49,Dollar General’s stock is cratering. Here’s what it says about the economy,"Low-income consumers feeling a pinch in the economy are leading to lower-than-expected sales forDollar General, as the budget-friendly retailer slashed its sales and profit outlook for the year. Its shares sank nearly 30% in afternoon trading following the release of its earnings Thursday, in which the company said it expects same-store sales to grow between 1% to 1.6% — a drastic reduction from the 2% to 2.7% it had previously forecast for the year.",2024-08-29T13:10:11.432Z,CNN,https://www.cnn.com/2024/08/29/investing/dollar-general-second-quarter-2024-earnings/index.html,Finance
50,CrowdStrike puts its initial tab after causing a global computer outage at $60 million. It’s a fraction of the hit claimed by clients,"Cybersecurity firm CrowdStrike said that in the wake of a massive computer outage it caused last month it will give customers about $60 million in credits to remain with the company, possibly a mere fraction of the damages those clients say they incurred. The company also cut its guidance for full-year earnings by about $86 million to $109 million.",2024-08-28T10:30:19.624Z,CNN,https://www.cnn.com/2024/08/28/business/crowdstrike-outage-earnings/index.html,Other
51,Vintage polaroids of female prisoners paint an intimate picture of womanhood and identity,"What is perhaps most striking about the 32 photographs that make upJack Lueders-Booth’s new book, “Women Prisoner Polaroids,”is the intimacy that occupies each frame. Inmates wear their own clothes and pose in cells embellished with personal effects, much like any regular college dorm room; one woman clasps a biography of Mick Jagger, others are pictured with their arms wrapped around friends.",2024-06-12T07:30:06.440Z,CNN,https://www.cnn.com/2024/06/12/style/jack-lueders-booth-female-prisoners/index.html,Other
52,"Boy who accidentally broke 3,500-year-old jar welcomed back to museum","As her 4-year-old son perused the Israeli museum’s ancient artifacts, Anna Geller looked away for just a moment. Then a crash sounded, a rare3,500-year-old jar was brokenon the ground, and her son stood over it, aghast.",2024-09-02T04:18:32.675Z,CNN,https://www.cnn.com/2024/09/02/style/israel-haifa-museum-boy-broken-jar-returns-intl-hnk/index.html,Other
53,I’m 36 — when do I have to give up crop tops?,"As a pre-teen in Y2K, the (small) shadows of crop tops loomed large. They were an inescapable fixture of red carpets and pop culture: Keira Knightley paired them with impossibly low-slung pants and Aaliyah with Tommy Hilfiger boxer-briefs, while the cast of “Buffy” battled vampires in short sweaters and tanks.",2024-09-02T00:08:42.771Z,CNN,https://www.cnn.com/2024/09/01/style/crop-tops-middle-age-essay/index.html,Other
54,Grit and glamour: Behind-the-scenes docuseries asks what it takes to become a K-pop idol,"A new docuseries gives viewers an intimate look at the lives and struggles of K-pop stars, exploring the true cost of making it in South Korea’s cut-throat music industry. Apple TV+’s “K-Pop Idols” follows Jessi (Jessica Ho), a Korean American rapper forging a new path after leaving“Gangnam Style” artist Psy’srecord label; girl group Blackswan, on the quest for global stardom but set back by interpersonal conflicts; and rookie Cravity, a nine-member boy band trying to make a name for itself after debuting during theCovid-19 pandemic.",2024-08-30T02:01:13.489Z,CNN,https://www.cnn.com/2024/08/29/style/south-korea-k-pop-idols-tv-show-intl-hnk/index.html,Entertainment
55,‘I’ve lived almost a full lifetime in this one year’: Scottie Scheffler caps historic season with $25M Tour Championship win,"Scottie Scheffleris tired. After the year he’s had, can anyone really blame him? The world No.",2024-09-02T10:40:56.329Z,CNN,https://www.cnn.com/2024/09/02/sport/scottie-scheffler-tour-championship-2024-spt-intl/index.html,Other
56,"No. 23 USC scores touchdown in final seconds to earn big win over No. 13 LSU, causing outburst from Tigers coach Brian Kelly",The No. 23 USC Trojans scored atouchdownwith just eight seconds remaining to earn a statement 27-20 win over the No.,2024-09-02T10:17:45.382Z,CNN,https://www.cnn.com/2024/09/02/sport/usc-lsu-vegas-kickoff-classic-football-spt-intl/index.html,Other
57,Ferrari’s Charles Leclerc takes thrilling surprise win at Italian Grand Prix,"Ferrari’sCharles Leclercheld on to take a thrillingGrand Prixwin at his team’s home race in Monza, Italy, somehow shepherding his increasingly battered and tired tires to the checkered flag ahead of a marauding Oscar Piastri. Piastri had led for much of the race after overtaking his McLaren teammate and polesitter Lando Norris on the first chicane but opted for a two-stop strategy, wary of his tires degrading too much.",2024-09-01T15:38:37.813Z,CNN,https://www.cnn.com/2024/09/01/sport/charles-leclerc-ferrari-italian-grand-prix-spt-intl/index.html,Other
58,Champion eater Joey Chestnut talks to CNN about his superstar showdown against Takeru Kobayashi,"Being the world’s most prodigious eater wasn’t quite the life or the career that Joey Chestnut had planned for himself when he was studying engineering and construction management at San Jose University, but a lobster-eating contest changed everything. He already had a reputation for being the fastest around his family-of-eight dinner table and in his college dorms too, but he toldCNN Sportthat it was a different story when a competitive element was introduced.",2024-09-01T11:00:19.648Z,CNN,https://www.cnn.com/2024/09/01/sport/joey-chestnut-takeru-kobayashi-hot-dog-eating-spt/index.html,Education
59,Trump’s latest waffling on reproductive health shows he’s still struggling to find an answer for what he created,"Donald Trumpsaid Friday that he will not support a ballot referendum to expand abortion access in his home state of Florida just 24 hours after suggesting he might. The rush to clarify his stance followed intense blowback from anti-abortion advocates online, leading to concerns among Republicans that Trump’s continued waffling on abortion might lose him some deeply religious voters in a tightening race.",2024-08-30T18:02:15.894Z,CNN,https://www.cnn.com/2024/08/30/politics/donald-trump-abortion-politics/index.html,Other
60,"Georgia election workers seek Giuliani’s condos, Mercedes and Yankees rings in bid to enforce defamation case judgment","The Georgia election workers who successfully sued former New York Mayor Rudy Giuliani for defamation asked a federal court on Friday to enforce the $146 million judgment in their favor, listing a wide variety of personal items that could be used to pay off the money they’re owed. Lawyers for Ruby Freeman and Shaye Moss are seeking a court order requiring that Giuliani turn over within the next seven days his properties in New York and Florida, his Mercedes-Benz, more than two-dozen luxury watches, various sports memorabilia, including three New York Yankees World Series rings, and other personal items.",2024-08-30T17:02:06.646Z,CNN,https://www.cnn.com/2024/08/30/politics/rudy-guiliani-georgia-election-worker-defamation/index.html,Politics
61,Trump proposes making government or insurance companies pay for IVF treatments,"Donald Trumpsaid Thursday he will implement a policy as president that would pay forin vitro fertilization treatments, without specifying how the treatments would be paid for. “I’m announcing today in a major statement that under the Trump administration, your government will pay for, or your insurance company will be mandated to pay for, all costs associated with IVF treatment,” the former president said at a campaign event in Potterville, Michigan.",2024-08-29T22:47:03.040Z,CNN,https://www.cnn.com/2024/08/29/politics/trump-ivf-treatment-proposal/index.html,Politics
62,"January 6 rioter no longer faces obstruction charge after Supreme Court ruling, will face trial on other charges","Aformer Pennsylvania police officerwhose US Capitol riot criminal case landed at the Supreme Court will go to trial next year, a federal judge said Wednesday. For months, Joseph Fischer’s case was on pause while the high court considered whether one of the charges he faced – obstructing an official proceeding – was being interpreted improperly when applied to riot-related criminal cases.",2024-08-29T15:10:51.263Z,CNN,https://www.cnn.com/2024/08/29/politics/joseph-fischer-january-6/index.html,Other
63,"Food as fuel might not be the healthiest approach, experts say","It’s been a hard day. The worst thing you could do is reach for the chocolate chip cookies that taste like the ones your family always had when you were a kid – right? Not necessarily, said Jennifer Rollin, founder of The Eating Disorder Center in Rockville, Maryland.",2024-09-01T08:00:19.737Z,CNN,https://www.cnn.com/2024/09/01/health/emotional-eating-wellness/index.html,Other
64,Has ketamine’s time of reckoning arrived? 5 things to know after Matthew Perry’s death,Editor’s note:The podcast Chasing Life With Dr. Sanjay Gupta explores the medical science behind some of life’s mysteries big and small.,2024-08-31T14:30:19.557Z,CNN,https://www.cnn.com/2024/08/31/health/ketamine-effects-matthew-perry-wellness/index.html,Science
65,Parents are not OK right now. Here’s what they can do,"Parents and caregivers are working more hoursandspending more time taking care of their children than parents did in the past — all while juggling sign-ups for extracurricular activities, playdates, school forms, doctor appointments and more. No wonder they’re stressed.",2024-09-01T09:00:19.775Z,CNN,https://www.cnn.com/2024/09/01/health/parenting-stress-tips-surgeon-general-wellness/index.html,Education
66,Why a ‘liquid gold’ substance for cows is making waves with humans,"Get inspired by a weekly roundup on living well, made simple.Sign up for CNN’s Life, But Better newsletter for information and tools designed to improve your well-being Colostrum, the first milk produced by humans and other mammals in the earliest daysafter giving birth, is “liquid gold,” said Dr. Jennifer Smilowitz.",2024-08-27T14:12:30.546Z,CNN,https://www.cnn.com/2024/08/27/health/colostrum-supplements-pros-cons-wellness/index.html,Other
67,Brazil begins to block X as Elon Musk’s feud with judge deepens,"Anyone trying to access X in Brazil was blocked on Saturday, after the country enforced a court-ordered suspension of Elon Musk’s social media site. Over the past 24 hours, Brazilians, including President Luiz Inácio Lula da Silva, have been bidding farewell to X, with some posting links to their profiles on other social media platforms.",2024-08-30T20:18:19.416Z,CNN,https://www.cnn.com/2024/08/30/business/brazil-suspends-x-elon-musk-moraes-intl-hnk/index.html,Other
68,Elon Musk hits out at judge threatening to suspend X in Brazil,"Elon Musk has stepped up online attacks on a Supreme Court judge threatening to suspend social media platform X in Brazil, calling him “an evil dictator” in an ongoing feud between the two men. Justice Alexandre de Moraes had threatened to suspend X if Musk did not appoint a new legal representative of the company in Brazil and settle any outstanding daily fines within 24 hours.",2024-08-29T15:54:57.364Z,CNN,https://www.cnn.com/2024/08/29/tech/brazils-supreme-court-threatens-x-intl/index.html,Other
69,"What to know about Telegram, the messaging app whose CEO was arrested over the weekend",The arrest of Telegram CEO Pavel Durov in France over the weekend has thrust the popular messaging service and its enigmatic founderinto the spotlight. Russian-born Durov wasdetained Saturdayat Paris’s Bourget Airport on a warrant related to Telegram’s lack of moderation.,2024-08-26T17:55:25.070Z,CNN,https://www.cnn.com/2024/08/26/tech/telegram-pavel-durov-what-to-know/index.html,Other
70,"Telegram founder Pavel Durov under formal investigation with bail set at $5.56 million, prosecutor says","Telegram founder Pavel Durov is under formal investigation and will not be allowed to leave France, a French prosecutor said in a statement released Wednesday night. The Russian-born billionaire is being investigated for several suspected offenses related to criminal activity on the platform, including complicity in illegal gang transactions, “laundering of crimes in an organized gang,” and refusal to communicate information to authorities, according to the French prosecutor’s statement.",2024-08-28T13:18:17.782Z,CNN,https://www.cnn.com/2024/08/28/tech/pavel-durov-telegram-custody-released-intl/index.html,Other
71,NASA finally gives Boeing Starliner capsule a return date. But it will fly home without its crew,"Sign up for CNN’s Wonder Theory science newsletter.Explore the universe with news on fascinating discoveries, scientific advancements and more After 12 weeks in space, Boeing’s Starliner spacecraft is finally set to return home from the International Space Stationon September 6— albeit without its two-person crew. The troubled spacecraft will undock from the orbiting laboratory around 6 p.m.",2024-08-29T23:17:26.710Z,CNN,https://www.cnn.com/2024/08/29/science/boeing-starliner-nasa-return-date-space-station/index.html,Science
72,Ed O’Neill found out ‘Married… with Children’ was canceled in a very awkward way,"Television audiences loved the sitcom “Married… with Children” for 11 seasons but when the time came for the show to end, at least two of the cast members were kept in the dark about it. Ed O’Neill, who played curmudgeonly patriarch Al Bundy on the show, recently guested onthe “MeSsy” podcasthosted by Jamie-Lynn Sigler and Christina Applegate, the latter of whom played his on-screen daughter Kelly Bundy on the series.",2024-08-31T18:21:29.471Z,CNN,https://www.cnn.com/2024/08/31/entertainment/ed-oneill-married-with-children-canceled/index.html,Other
73,Authorities work to identify human remains found in concrete ‘bunker’ under missing California couple’s neighbor’s home,"Authorities investigating the disappearance of aCalifornia coupleare working to identify human remains found in bags in a concrete “bunker” underneath the mobile home of the couple’s neighbor at a nudist resort. Police have arrested the neighbor, Michael Royce Sparks, 62, on suspicion of killing the couple, Daniel and Stephanie Menard, who had not been seen since August 24, according to the Redlands police.",2024-08-31T06:40:49.855Z,CNN,https://www.cnn.com/2024/08/31/us/california-nudist-ranch-missing-couple-saturday/index.html,Other
74,Mercedes confirms 18-year-old Andrea Kimi Antonelli as Lewis Hamilton’s replacement,"Mercedes has announced that Italian teenager Andrea Kimi Antonelli will replace the Ferrari-boundLewis Hamiltonnext season. The 18-year-old Antonelli, a graduate of the team’s junior program, will partner with George Russell at Mercedes following the departure of seven-timeF1champion Hamilton.",2024-08-31T11:53:16.455Z,CNN,https://www.cnn.com/2024/08/31/sport/andrea-kimi-antonelli-mercedes-f1-spt-intl/index.html,Other
75,"Cannabis and hallucinogen use remain at ‘historically high levels’ among young and middle-age adults, survey finds","The use of cannabis and hallucinogens “stayed at historically high levels” among both younger and middle-age adults in the US in 2023, according to the latest survey fromMonitoring the Future, a study conducted by researchers at the University of Michigan since 1975 and funded by the National Institutes of Health. “The survey is an important source of information about substance use trends among the adult population in the US,” said Dr.",2024-08-29T19:19:34.620Z,CNN,https://www.cnn.com/2024/08/29/health/cannabis-hallucinogen-use-high-survey/index.html,Health
76,Meet the TikToker behind Ella Emhoff’s internet-breaking DNC dress,"“It was cool,” says the 28-year-old viral TikToker and Fashion Institute of Technology graduate Joe Ando, on seeing his creation live on TV at theDemocratic National Conventionlast week. “I wish I had a better word to describe it than cool.” It was the dress of the night — a pale blue silk off-the-shoulder bodice and a hand-ruched tulle midi skirt.",2024-08-29T10:45:43.372Z,CNN,https://www.cnn.com/2024/08/29/style/joe-ando-ella-emhoff-dnc-dress/index.html,Technology
77,"Conviction of Adnan Syed from ‘Serial’ podcast should be reinstated, Maryland Supreme Court says","The Maryland Supreme Court ruled Friday that the conviction of Adnan Syed should be reinstated because of procedural errors in how Syed’s conviction had been wiped away in 2022. Therulingis the latest twist in the legal saga made famous by the podcast “Serial,” which examined the investigation that led to the 2000 conviction of Syed for the murder of Hae Min Lee.",2024-08-30T15:17:40.855Z,CNN,https://www.cnn.com/2024/08/30/politics/adnan-syed-conviction-reinstated-maryland-supreme-court/index.html,Other
78,IC-814 hijacking and indecisions: Former R&AW chief explains what went wrong,"Speaking to India Today TV, AS Dulat, the former chief of Research and Analysis Wing (RAW), admitted that there were ""goof-ups"" when it came to decision-making and the hijacked IC-814 plane shouldn't have been allowed to leave Amritsar.","UPDATED:Sep 3, 2024 23:09 IST",India Today,https://www.indiatoday.in/india/story/exclusive-former-raw-chief-as-dulat-explains-indecisions-over-ic-814-hijacking-2593151-2024-09-03,Science
79,"Congress, AAP reach in-principle understanding on Haryana alliance: Sources","The Congress and AAP, who are part of the opposition INDIA bloc at the national level, had contested the Lok Sabha polls together in Haryana, Gujarat, Goa, Delhi and Chandigarh.","UPDATED:Sep 3, 2024 20:01 IST",India Today,https://www.indiatoday.in/elections/assembly/story/congress-aap-seat-sharing-haryana-assembly-polls-2592979-2024-09-03,Other
80,Kolkata rape case: Doctors' unique way of asking police to 'grow a spine',A delegation of junior doctors were allowed to meet Kolkata Commissioner of Police (CP) Vineet Goyal and handed over to him a deputation demanding that he resign from his post. .,"UPDATED:Sep 3, 2024 21:30 IST",India Today,https://www.indiatoday.in/india/story/kolkata-doctor-rape-medics-protest-bengal-murder-case-police-cp-vineet-goyal-2593075-2024-09-03,Other
81,Raped and tortured: How Indians go through hell to reach US illegally,"Travelling illegally on the Dunki route, Indians are killed for money and women face sexual assaults. A Sky News report reveals how Indians are taking terrifying risks by depending on mafia gangs in Panama, Costa Rica, El Salvador and Guatemala to reach the US..","UPDATED:Sep 3, 2024 19:55 IST",India Today,https://www.indiatoday.in/world/us-news/story/indian-illegal-migrants-us-mexico-border-american-dreams-illegal-immigrants-dangers-of-dunki-route-panama-costa-rica-2592943-2024-09-03,Other
82,"Shivaji statue collapse: Nearly 10 days later, sculptor Jaydeep Apte yet to be traced","Jaydeep Apte, a 24-year-old sculptor from Kalyan, has not been located since the Shivaji statue collapsed on August 26. ","UPDATED:Sep 3, 2024 23:02 IST",India Today,https://www.indiatoday.in/india/story/shivaji-statue-collapse-sculptor-jaydeep-apte-missing-opposition-attack-mahayuti-2593065-2024-09-03,Other
83,"Man accused of raping partner cites live-in agreement, gets pre-arrest bail",The man produced a Memorandum of Understanding (MOU) that the woman had allegedly signed. The document claimed that the two had entered into a contractual live-in relationship for 11 months from August 1. .,"UPDATED:Sep 3, 2024 23:20 IST",India Today,https://www.indiatoday.in/law/story/mumbai-court-man-gets-pre-arrest-bail-in-rape-case-cites-live-in-relationship-agreement-2593146-2024-09-03,Other
84,Actor Nivin Pauly refutes sexual harassment allegations: Entirely untrue,"Malayalam actor Nivin Pauly has denied the sexual harassment allegations against him, calling them 'entirely untrue.' He has assured full cooperation with any investigation.","UPDATED:Sep 3, 2024 20:44 IST",India Today,https://www.indiatoday.in/movies/regional-cinema/story/actor-nivin-pauly-refutes-sexual-harassment-allegations-entirely-untrue-2593066-2024-09-03,Other
85,Malayalam actor Nivin Pauly charged with sexual assault,"Prominent Malayalam actor Nivin Pauly has been accused of sexual assault by a woman from Kerala’s Nerayamangalam. The case involves six accused, indicating a broader conspiracy..","UPDATED:Sep 3, 2024 20:40 IST",India Today,https://www.indiatoday.in/movies/regional-cinema/story/nivin-pauly-charged-for-sexual-assault-2592995-2024-09-03?utm_source=hp_lead&utm_medium=it_web,Other
86,"41 killed, 180 injured in central Ukraine after Russia fires 2 ballistic missiles","At least 41 people were killed and over 180 suffered severe injuries after two Russian ballistic missiles struck an educational facility and a nearby hospital in Ukraine's Poltava region, President Volodymyr Zelenskyy claimed. .","UPDATED:Sep 3, 2024 17:50 IST",India Today,https://www.indiatoday.in/world/story/russian-missile-strike-poltava-dead-injured-ukraine-volodymyr-zelenskyy-2592898-2024-09-03?utm_source=hp_lead&utm_medium=it_web,Other
87,The super rich Sultan of Brunei who hosts PM Modi in largest palace today,"Brunei, strategically located on the island of Borneo, is smaller than Indian states like Sikkim and Tripura, but its Sultan's immense wealth and lavish lifestyle has repeatedly grabbed attention.","UPDATED:Sep 3, 2024 20:36 IST",India Today,https://www.indiatoday.in/world/story/sultan-of-brunei-hassanal-bolkiah-luxury-cars-palace-pm-modi-visit-photos-2592841-2024-09-03?utm_source=hp_lead&utm_medium=it_web,Other
88,9 Naxals killed in encounter with security forces in Chhattisgarh,The operation is still on and occasional firing is going on in the area. No security personnel have been injured in the encounter so far..,"UPDATED:Sep 3, 2024 14:06 IST",India Today,https://www.indiatoday.in/india/story/chhattisgarh-dantewada-naxalites-killed-encounter-injured-2592754-2024-09-03?utm_source=hp_lead&utm_medium=it_web,Other
89,Bengal anti-rape bill passed amid 'Mamata Banerjee vs BJP' fireworks in assembly,"After a brief discussion, the West Bengal Assembly passed the anti-rape ‘Aparajita’ bill which provides for the death penalty for rape and sexual offences for persons convicted of rape if their actions result in the victim's death or leave her in a vegetative state.","UPDATED:Sep 3, 2024 15:01 IST",India Today,https://www.indiatoday.in/india/story/west-bengal-anti-rape-bill-aparajita-woman-and-child-bill-introduced-mamata-banerjee-bjp-2592722-2024-09-03?utm_source=hp_lead&utm_medium=it_web,Other
90,"PM Modi arrives in Brunei, commences two-nation visit, next stop Singapore","PM Modi's visit to Brunei is the first-ever by an Indian head of state, despite 40 years of diplomatic ties between the two nations.","UPDATED:Sep 3, 2024 15:37 IST",India Today,https://www.indiatoday.in/india/story/pm-narendra-modi-visit-brunei-singapore-strengthen-ties-discuss-defence-trade-2592576-2024-09-03?utm_source=hp_lead&utm_medium=it_web,Other
91,'IC 814' row: Netflix India content head's meeting with Centre begins,The Netflix India content chief Monika Shergill was summoned amid a row over the depiction of hijackers in the streaming platform's series 'IC 814: The Kandahar Hijack'.,"UPDATED:Sep 3, 2024 12:30 IST",India Today,https://www.indiatoday.in/india/story/netflix-india-content-head-monika-shergill-ic-814-kandahar-hijack-government-summoned-today-2592555-2024-09-03?utm_source=hp_lead&utm_medium=it_web,Other
92,I am safe: Singer AP Dhillon's post after shots fired outside his Canada home,Singer AP Dhillon reacted after shots were fired outside his Canada home. He confirmed that he was safe.,"UPDATED:Sep 3, 2024 10:40 IST",India Today,https://www.indiatoday.in/music/story/i-am-safe-singer-ap-dhillons-post-after-shots-fired-outside-canada-home-2592608-2024-09-03?utm_source=hp_lead&utm_medium=it_web,Other
93,"Horoscope Today, September 3, 2024: Check here Astrological prediction for all zodiac signs","Today Horoscope: Astrological prediction for September 3 money, career in this daily horoscope for Aries, Taurus, Gemini, Cancer, Leo, Virgo, Libra, Scorpio, Sagittarius, Capricorn, Aquarius and Pisces.","UPDATED:Sep 3, 2024 06:30 IST",India Today,https://www.indiatoday.in/horoscopes/story/horoscope-today-september-3-aries-taurus-gemini-cancer-leo-virgo-libra-scorpio-sagittarius-capricorn-aquarius-pisces-2592164-2024-09-03?utm_source=hp_lead&utm_medium=it_web,Other
94,Festival calendar for September 2024: Check the updated list,"September 2024 Calendar: Check List of Important Dates, Holidays, Festivals And Events In September. Mark your calendar as a vibrant tapestry of festivals awaits!
.","UPDATED:Aug 30, 2024 13:19 IST",India Today,https://www.indiatoday.in/information/story/september-2024-calendar-check-list-of-important-dates-holidays-festivals-and-events-in-september-festivals-in-september-2024-check-the-updated-list-2587953-2024-08-30?utm_source=hp_lead&utm_medium=it_web,Other
95,When Porsche supported Nazi Germany and designed Volkswagen Beetle for Hitler,"Officially, history began for Porsche in 1950. But the company existed before that as a supplier for Hitler's war machine and Ferdinand Porsche was well known for his terms with Fuehrer Adolf Hitler.","UPDATED:Sep 3, 2024 20:52 IST",India Today,https://www.indiatoday.in/education-today/gk-current-affairs/story/porsche-nazi-germany-volkswagen-beetle-hitler-2592882-2024-09-03,Other
96,"Terrorists open fire at cops in J&K's Rajouri, search operation launched","A brief exchange of fire occurred around 7.30 pm when Jammu and Kashmir Police, along with Rashtriya Rifles personnel, moved to Thanamandi area in Rajouri district, following information about suspicious movements.","UPDATED:Sep 3, 2024 21:29 IST",India Today,https://www.indiatoday.in/india/story/terrorists-open-fire-cops-jammu-kashmir-rajouri-search-operation-2593082-2024-09-03,Other
97,'IC 814' row: Netflix adds real names of hijackers to opening disclaimer,"Netflix official statement on IC 814: The Kandahar Hijack controversy about terrorists names being changed by the makers Anubhav Sinha. Monica Shergill, Netflix Content Head, revealed the names have been added to opening disclaimer.","UPDATED:Sep 3, 2024 17:47 IST",India Today,https://www.indiatoday.in/movies/story/netflix-opening-disclaimer-changed-ic-814-row-hijackers-names-2592857-2024-09-03,Other
98,How SC-ST votes could shape Jammu and Kashmir's future,"In 2022, a delimitation exercise redrew the electoral map of Jammu and Kashmir. This has brought new challenges and chances, especially for the Gujjar and Pahari communities, key players in the region’s politics..","UPDATED:Sep 3, 2024 23:23 IST",India Today,https://www.indiatoday.in/diu/story/how-sc-st-votes-could-shape-jammu-and-kashmir-future-2593181-2024-09-03,Other
99,"India has trust in PR Sreejesh successors Pathak, Karkera: Sukhjeet Singh",India's Sukhjeet Singh has claimed that the team has full trust in Krishan Pathak and Suraj Karkera to follow in the footsteps of PR Sreejesh ahead of the Asian Champions Trophy 2024. .,"UPDATED:Sep 3, 2024 22:56 IST",India Today,https://www.indiatoday.in/sports/hockey/story/asian-champions-trophy-2024-krishan-pathak-suraj-karkera-pr-sreejesh-successors-sukhjeet-singh-2593162-2024-09-03,Other
100,World champion Deepthi Jeevanji sprints to bronze in women's 400m T20 in Paris,"India's Deepthi Jeevanji brought home the third track medal in the Paris Paralympics on Tuesday, September 3. Jeevanji sprinted to bronze in the women's 400m T20 final.
.","UPDATED:Sep 3, 2024 22:53 IST",India Today,https://www.indiatoday.in/sports/paralympics/story/paris-paralympics-deepthi-jeevanji-india-medal-tally-athletics-2593156-2024-09-03,Other
101,"Actor Ian McKellen is open to returning as Gandalf, urges makers to 'be quick'","Sir Ian McKellen has expressed his readiness to return as Gandalf in upcoming 'Lord of the Rings' films but urged filmmakers to act swiftly. Despite his age and recent injury, McKellen remains passionate about the role..","UPDATED:Sep 3, 2024 23:24 IST",India Today,https://www.indiatoday.in/movies/hollywood/story/actor-ian-mckellen-is-open-to-returning-as-gandalf-in-future-lord-of-the-rings-films-urges-makers-to-be-quick-2593150-2024-09-03,Other
102,Air India Express staff assaulted by female passenger at Mumbai airport,"A passenger at Mumbai airport, on September 1, misbehaved with a staff member of ground operations partner of Air India Express. .","UPDATED:Sep 3, 2024 22:26 IST",India Today,https://www.indiatoday.in/india/story/maharashtra-passenger-assaults-staff-at-air-india-express-counter-at-mumbai-airport-2593115-2024-09-03,Other
103,Worst India can play: Coach Manolo Marquez hopes for growth after Mauritius draw,"India coach Manolo Marquez is hoping that his side will continue to grow after their lacklustre draw against Mauritius on September 3, Tuesday in Hyderabad. .","UPDATED:Sep 3, 2024 22:13 IST",India Today,https://www.indiatoday.in/sports/football/story/india-vs-mauritius-report-manolo-marquez-reaction-hyderabad-2593111-2024-09-03,Other
104,"Fact Check: Flogged for converting to Christianity? No, this old clip is related to an affair",India Today Fact Check found that the video is over two years old and unrelated to any religious conversion. It shows a brawl over an alleged love affair..,"UPDATED:Sep 3, 2024 22:00 IST",India Today,https://www.indiatoday.in/fact-check/story/flogged-for-converting-to-christianity-no-this-old-clip-is-related-to-an-affair-2593109-2024-09-03,Other
105,Roger Federer reacts to Jannik Sinner doping controversy: 'Trust the process',"Legendary Roger Federer commented on Jannik Sinner's doping controversy. Speaking on Today.com, Federer said that he believed Sinner did not do things intentionally..","UPDATED:Sep 3, 2024 21:44 IST",India Today,https://www.indiatoday.in/sports/tennis/story/roger-federer-jannik-sinner-doping-controversy-us-open-2593105-2024-09-03,Other
106,Why Indians of all ages are logging out of the rat race to take up slow living,"The subtle art of doing nothing is gaining more attention, even in India, as people try to escape their fast-paced lives.","UPDATED:Sep 3, 2024 15:13 IST",India Today,https://www.indiatoday.in/lifestyle/what-s-hot/story/why-indians-of-all-ages-are-logging-out-of-the-rat-race-to-take-up-slow-living-2592349-2024-09-03,Other
107,Don't miss the free Aadhaar card update deadline. Apply by Sept 14,"The Unique Identification Authority of India (UIDAI) has extended the deadline for Aadhaar updates until September 14, 2024, allowing free online updates for Proof of Identity and Proof of Address documents. After this date, a fee will be charged for updates..","UPDATED:Sep 3, 2024 18:29 IST",India Today,https://www.indiatoday.in/information/story/free-aadhaar-card-update-deadline-deadline-september-14-2592941-2024-09-03,Other
108,Opinion: 'Emergency' trailer shows how Kangana Ranaut's film suffers from lack of focus,"Kangana Ranaut, now a Member of Parliament, has remained in the spotlight more for her controversial statements than her recent films. .","UPDATED:Sep 3, 2024 19:21 IST",India Today,https://www.indiatoday.in/opinion/story/emergency-trailer-shows-how-kangana-ranaut-film-suffers-from-lack-of-focus-opinion-2593003-2024-09-03,Politics
109,Explained: How Bengal's anti-rape bill differs from POCSO Act,The Aparajita Woman and Child Bill (West Bengal Criminal Laws and Amendment) 2024 includes provisions for the death penalty for those convicted of rape and murder. Here's how it differs from the POCSO Act..,"UPDATED:Sep 3, 2024 18:34 IST",India Today,https://www.indiatoday.in/law/story/west-bengal-aparajita-woman-and-child-bill-anti-rape-pocso-act-difference-2592938-2024-09-03,Other
110,CCTV shows cow vigilantes chasing Haryana teen's car. They killed him soon after,"A Class 12 student, Aryan Mishra, was shot dead by five cow vigilantes in Haryana's Faridabad after they mistook him for a cattle smuggler. .","UPDATED:Sep 3, 2024 17:41 IST",India Today,https://www.indiatoday.in/india/story/haryana-student-killed-cow-vigilantes-aryan-mishra-cattle-smuggler-cctv-footage-2592866-2024-09-03,Other
111,"Early exits in WCs, series loss vs BAN: Is Pakistan cricket at its lowest?","Pakistan lost their first ever Test series against Bangladesh on Tuesday, 3 September after the visitors cleansweeped the bilateral 2-0. This was the 10th Test match without a win at home for Pakistan..","UPDATED:Sep 3, 2024 20:09 IST",India Today,https://www.indiatoday.in/sports/cricket/story/pakistan-bottom-wtc-points-table-form-shan-masood-pcb-2593051-2024-09-03,Sports
112,Japanese entrepreneur slept for 30 minutes a day for 12 years to boost productivity,A Japanese entrepreneur has claimed that he slept for 30 minutes a day for 12 years to boost productivity.,"UPDATED:Sep 3, 2024 17:24 IST",India Today,https://www.indiatoday.in/trending-news/story/japanese-entrepreneur-daisuke-hori-claims-he-slept-for-30-minutes-a-day-for-12-years-to-boost-productivity-2592881-2024-09-03,Other
113,Centre moves Supreme Court over 'poor arrangement' for CISF personnel at RG Kar,"The central government said that there are 92 CISF personnel stationed at RG Kar Hospital, including 54 female personnel, who are facing accommodation issues. ","UPDATED:Sep 3, 2024 19:21 IST",India Today,https://www.indiatoday.in/law/story/centre-moves-supreme-court-mamata-banerjee-cisf-personnel-rg-kar-hospital-kolkata-doctor-rape-murder-2592942-2024-09-03,Politics
114,PAK vs BAN: Bangladesh cricket gets a ray of hope amid crisis after Pakistan heist,"PAK vs BAN: Bangladesh have won their Test series against Pakistan, but the focus will be on whether the Tigers can build on from the win and grow in stature as a formidable Test team.
","UPDATED:Sep 3, 2024 20:45 IST",India Today,https://www.indiatoday.in/sports/cricket/story/pak-vs-ban-bangladesh-cricket-gets-a-ray-of-hope-amid-crisis-after-pakistan-heist-2593058-2024-09-03,Other
115,Preity Zinta opens up about IVF journey before welcoming twins via surrogacy,"Bollywood actor Preity Zinta candidly shares her IVF struggles and the emotional journey she faced before welcoming twins via surrogacy. In an interview with Vogue, she also discusses her approach to social media and the upcoming re-release of her film 'Veer-Zaara'..","UPDATED:Sep 3, 2024 21:47 IST",India Today,https://www.indiatoday.in/movies/celebrities/story/preity-zinta-opens-up-about-ivf-journey-before-welcoming-twins-via-surrogacy-2593086-2024-09-03,Other
116,Actor Fahadh Faasil to make his Hindi debut in Imtiaz Ali's next: Report,Malayalam actor Fahadh Faasil is reportedly in advanced talks to make his Hindi cinema debut in Imtiaz Ali’s next directorial. Their collaboration has been in the works for several months..,"UPDATED:Sep 3, 2024 21:54 IST",India Today,https://www.indiatoday.in/movies/celebrities/story/actor-fahadh-faasil-to-reportedly-make-his-hindi-debut-in-imtiaz-alis-10th-directorial-feature-film-2593104-2024-09-03,Other
117,"41 killed, 180 injured in central Ukraine after Russia fires 2 ballistic missiles","At least 41 people were killed and over 180 suffered severe injuries after two Russian ballistic missiles struck an educational facility and a nearby hospital in Ukraine's Poltava region, President Volodymyr Zelenskyy claimed. .","UPDATED:Sep 3, 2024 17:50 IST",India Today,https://www.indiatoday.in/world/story/russian-missile-strike-poltava-dead-injured-ukraine-volodymyr-zelenskyy-2592898-2024-09-03?utm_source=hp_bottom_trending&utm_medium=it_web,Other
118,9 Naxals killed in encounter with security forces in Chhattisgarh,The operation is still on and occasional firing is going on in the area. No security personnel have been injured in the encounter so far..,"UPDATED:Sep 3, 2024 14:06 IST",India Today,https://www.indiatoday.in/india/story/chhattisgarh-dantewada-naxalites-killed-encounter-injured-2592754-2024-09-03?utm_source=hp_bottom_trending&utm_medium=it_web,Other
119,Bengal anti-rape bill passed amid 'Mamata Banerjee vs BJP' fireworks in assembly,"After a brief discussion, the West Bengal Assembly passed the anti-rape ‘Aparajita’ bill which provides for the death penalty for rape and sexual offences for persons convicted of rape if their actions result in the victim's death or leave her in a vegetative state.","UPDATED:Sep 3, 2024 15:01 IST",India Today,https://www.indiatoday.in/india/story/west-bengal-anti-rape-bill-aparajita-woman-and-child-bill-introduced-mamata-banerjee-bjp-2592722-2024-09-03?utm_source=hp_bottom_trending&utm_medium=it_web,Other
120,"PM Modi arrives in Brunei, commences two-nation visit, next stop Singapore","PM Modi's visit to Brunei is the first-ever by an Indian head of state, despite 40 years of diplomatic ties between the two nations.","UPDATED:Sep 3, 2024 15:37 IST",India Today,https://www.indiatoday.in/india/story/pm-narendra-modi-visit-brunei-singapore-strengthen-ties-discuss-defence-trade-2592576-2024-09-03?utm_source=hp_bottom_trending&utm_medium=it_web,Other
121,'IC 814' row: Netflix India content head's meeting with Centre begins,The Netflix India content chief Monika Shergill was summoned amid a row over the depiction of hijackers in the streaming platform's series 'IC 814: The Kandahar Hijack'.,"UPDATED:Sep 3, 2024 12:30 IST",India Today,https://www.indiatoday.in/india/story/netflix-india-content-head-monika-shergill-ic-814-kandahar-hijack-government-summoned-today-2592555-2024-09-03?utm_source=hp_bottom_trending&utm_medium=it_web,Other
122,I am safe: Singer AP Dhillon's post after shots fired outside his Canada home,Singer AP Dhillon reacted after shots were fired outside his Canada home. He confirmed that he was safe.,"UPDATED:Sep 3, 2024 10:40 IST",India Today,https://www.indiatoday.in/music/story/i-am-safe-singer-ap-dhillons-post-after-shots-fired-outside-canada-home-2592608-2024-09-03?utm_source=hp_bottom_trending&utm_medium=it_web,Other
123,"Horoscope Today, September 3, 2024: Check here Astrological prediction for all zodiac signs","Today Horoscope: Astrological prediction for September 3 money, career in this daily horoscope for Aries, Taurus, Gemini, Cancer, Leo, Virgo, Libra, Scorpio, Sagittarius, Capricorn, Aquarius and Pisces.","UPDATED:Sep 3, 2024 06:30 IST",India Today,https://www.indiatoday.in/horoscopes/story/horoscope-today-september-3-aries-taurus-gemini-cancer-leo-virgo-libra-scorpio-sagittarius-capricorn-aquarius-pisces-2592164-2024-09-03?utm_source=hp_bottom_trending&utm_medium=it_web,Other
124,"Vishwakarma Puja 2024: Know date, puja time, all you need to know","As Vishwakarma Puja 2024 approaches, preparations are underway to celebrate this auspicious day with devotion and joy. It is a time to honor the spirit of craftsmanship and seek blessings for prosperity and well-being in the year ahead..","UPDATED:Aug 30, 2024 13:00 IST",India Today,https://www.indiatoday.in/information/story/vishwakarma-puja-2024-know-date-puja-time-all-you-need-to-know-2590665-2024-08-30?utm_source=hp_bottom_latest&utm_medium=it_web,Other
125,"Ganesh Chaturthi 2024: Date, time, fasting rules, all you need to know","When is Ganesh Chaturthi 2024: Check out the date, time, fasting rules and all you need to know.","UPDATED:Aug 30, 2024 12:09 IST",India Today,https://www.indiatoday.in/information/story/ganesh-chaturthi-2024-date-time-fasting-rules-all-you-need-to-know-2590618-2024-08-30?utm_source=hp_bottom_latest&utm_medium=it_web,Other
126,Festival calendar for September 2024: Check the updated list,"September 2024 Calendar: Check List of Important Dates, Holidays, Festivals And Events In September. Mark your calendar as a vibrant tapestry of festivals awaits!
.","UPDATED:Aug 30, 2024 13:19 IST",India Today,https://www.indiatoday.in/information/story/september-2024-calendar-check-list-of-important-dates-holidays-festivals-and-events-in-september-festivals-in-september-2024-check-the-updated-list-2587953-2024-08-30?utm_source=hp_bottom_latest&utm_medium=it_web,Other
